{"rt":{"feed_call":false,"subpipeline_parameters":{},"phase_snode_id":"","class_fqid":"30c1dc8d-c582-4066-b291-511a6c12a67c_8","parent_ruuid":null,"references":[{"path":"/snaplogic/timSpace/ResumablePipeDemo/OrderProcessor","pipe_origin":null,"time_updated":"2019-01-25T19:31:18.474000+00:00","asset_type":"Pipeline","snode_id":"5c47a2ee64580000182db637"}],"snode_id":"5c47a2ee64580000182db637","do_start":true,"ttl":300,"org_snode_id":"52d8ae82c8c71369f3e889bc","statistics":{"input_views":{},"output_views":{}},"user_id":"tlui@snaplogic.com","connect_pipeline_views":false,"container_type":"regular","priority":10,"instance_fqid":"","api_key":"rjS95tjZw48CR2giRiqHNufcxbD1RuKD0+E81BPm3s4QLDdDTBxdTLpxrRGe8Divc0CRnZOuyJF8/wAvj6FL+hhz","env_map":{},"restart_attempts":0,"runtime_path_id":"snaplogic/rt/sidekick/dockerfeedmaster","env_map_list":[],"failure":null,"statistics_time_stamp":"","execution_timeout":null,"parent_pipeline_fqid":"","fault_injections":null,"slserver_lease_expire_time":"2019-01-25T21:40:49.206531+00:00","path_id":"/snaplogic/timSpace/ResumablePipeDemo","error_list":[],"mode":"regular","plex_snode_id":"5ade44c677a1f6016f50c8c0","error":{},"async":true,"plex_path":"/snaplogic/shared/DockerFeedMaster","invoker_snode_id":"","pipe_invoker":null,"invoker_path_id":"/snaplogic/timSpace/ResumablePipeDemo","snaplex_label":"DockerFeedMaster/a718c1b35e7e","create_time":"2019-01-25T21:30:49.035227+00:00","duration":13,"init_xid":"7d2046f9-c2cf-4834-9b6d-754423d9fed5","instance_id":"a61af06e-0c51-44a8-b11b-9ae8df3f0bc7","project_snode_id":"5c47a2d81ed73c0016b8d318","notification":null,"label":"OrderProcessor","class_version":8,"invoker":"tlui@snaplogic.com","cc_user":"cc@snaplogic.com","time_stamp":"2019-01-25T21:30:49.206531+00:00","root_ruuid":"a61af06e-0c51-44a8-b11b-9ae8df3f0bc7","poll_time_stamp":"2019-01-25T21:30:49.206531+00:00","artifacts_map":{"5c47a2ee64580000182db637":"art:a7f12189bfd37e59b837b9d1a00a432bf5ecdbc08598446b7618f3e162cea588"},"ccid":"5c4b67bb15071c001d555427","delivery_options":{},"cc_external_uri":"http://a718c1b35e7e:8090","partition_snode_id":"589043dd5feb436fffbd3ab0","reason":null,"prepare_handoff_timestamp":"2019-01-25T21:30:49.234228+00:00","expire_time":"2019-01-25T21:35:49.206531+00:00","slot_count":6,"runtime_label":"DockerFeedMaster","end_stage":"EXECUTE","search":"orderprocessor tlui@snaplogic.com dockerfeedmaster/a718c1b35e7e ","limits":null,"class_id":"30c1dc8d-c582-4066-b291-511a6c12a67c","cc_stop_ms":0,"q_threshold_time":"2019-01-25T21:34:34.206531+00:00","invoker_name":"","session_id":"1f1bd0cb2808482684ed36b876dc1836","nested_pipeline":false,"flags":{"immediate_mode":false,"is_suggest":false,"connect_views_to_relay":false},"captured_env_map":{},"llfeed_context":{},"resolution":null,"state":"Suspending","task_status":[{"msg":"Suspending execution","units":"","startTime":24555583843033000,"lastUpdateTime":24555583843045482,"totalWork":0,"completedWork":0}],"suggest_uris":null,"warning_list":[],"data_locations":[],"lint_list":[],"threads":[],"documents_count":1,"error_documents_count":0,"ruuid":"a61af06e-0c51-44a8-b11b-9ae8df3f0bc7","has_lints":false,"child_count":0,"state_log":[{"timestamp":1548451849749,"ccid":"5c4b67bb15071c001d555427","new_state":"NoUpdate"},{"timestamp":1548451861496,"new_state":"Prepared"},{"timestamp":1548451861513,"new_state":"Started"},{"timestamp":1548451862487,"cause":{"message":"REST API service endpoint returned error result: status code = 500","reason":"REST API service endpoint returned error result: status code = 500, reason phrase = INTERNAL SERVER ERROR, refer to the error_entity field in the error view document for more details","resolution":"Please check the values of Snap properties.","ruuid":"53f1f751-26fe-4e0e-8409-e1e8ff13f7e0"},"new_state":"Suspending"},{"timestamp":1548451863513,"new_state":"Suspended"}],"info_flag_list":[],"duration_ms":13963,"artifact_snap_id_map":{"5a8cfb46-292e-4643-bf82-268ab5404b31":"11111111-1111-1111-1111-000000000002","cb32e773-0d3f-4c84-8b73-9ed445885c00":"11111111-1111-1111-1111-000000000003","9f59669a-e3b7-405c-a0e1-8cdbc331a832":"11111111-1111-1111-1111-000000000005","41a53fff-31d8-46a0-b026-49bafcc5ecd2":"11111111-1111-1111-1111-000000000004","489c0c0c-c59f-4cea-bffb-3ce8011bec26":"11111111-1111-1111-1111-000000000000","8a37fe3d-b355-4fc6-b9e2-0c79507ef30a":"11111111-1111-1111-1111-000000000001"},"error_fp_list":["efp:com.snaplogic.snap.api.rest.tAbKPUKr","efp:com.snaplogic.snap.api.jGMnD0iV"],"lint_id_list":[],"metrics":{"startTime":24555581841413602,"queuedCount":0,"idleTime":2027496714,"memoryOverhead":0,"totalSnapDelay":0,"inFlightCount":0},"snap_map":{"cb32e773-0d3f-4c84-8b73-9ed445885c00":{"class_fqid":"cb32e773-0d3f-4c84-8b73-9ed445885c00_1","class_id":"cb32e773-0d3f-4c84-8b73-9ed445885c00","class_version":1,"time_stamp":"2019-01-25T21:31:01Z","state":"Suspended","snap_class_fqid":"com-snaplogic-snaps-transform-datatransform_4-snapsrc1042","label":"Mapper","instance_version":1,"statistics_time_stamp":"2019-01-25T21:31:03Z","instance_id":"24beebaf-57f9-4af8-af16-d524679b3843","task_status":[],"statistics":{"error_views":{"error0":{"buffer_size":9223372036854775807,"buffer_usage":0,"documents_count":0,"max_seconds_io":0.0,"rate_per_second":0.0,"seconds_io":0.0}},"input_views":{"input0":{"documents_count":0,"max_seconds_io":0.0,"rate_per_second":0.0,"seconds_io":0.0}},"performance":{},"metrics":{},"output_views":{"output0":{"buffer_size":9223372036854775807,"buffer_usage":0,"documents_count":0,"max_seconds_io":0.0,"rate_per_second":0.0,"seconds_io":0.0}},"snap":{"GC_DURATION":{"total":9,"min":0.0,"max":9.0,"series":[0.0,9.0,0.0,0.0],"mean":2.0,"stddev":4.0},"ALLOC":{"total":103136,"min":0.0,"max":53064.0,"series":[0.0,53064.0,30946.0,0.0],"mean":21002.0,"stddev":25878.0},"NET_SEND_WAIT":{"total":0,"min":0.0,"max":0.0,"series":[0.0,0.0,0.0,0.0],"mean":0.0,"stddev":0.0},"CPU":{"total":2,"min":0.0,"max":0.0,"series":[0.0,0.0,0.0,0.0],"mean":0.0,"stddev":0.0},"NET_RECV":{"total":0,"min":0.0,"max":0.0,"series":[0.0,0.0,0.0,0.0],"mean":0.0,"stddev":0.0},"delay_impact":0,"start_time_ms":1548451861514,"CPU_BLOCK":{"total":0,"min":0.0,"max":0.0,"series":[0.0,0.0,0.0,0.0],"mean":0.0,"stddev":0.0},"FILE_WRITE":{"total":3460,"min":0.0,"max":1419.0,"series":[0.0,1163.0,1419.0,0.0],"mean":645.0,"stddev":752.0},"io_stats":[],"init_recv_time_ns":0,"memory_impact":0,"end_time_ms":1548451863512,"NET_RECV_WAIT":{"total":0,"min":0.0,"max":0.0,"series":[0.0,0.0,0.0,0.0],"mean":0.0,"stddev":0.0},"NET_SENT":{"total":0,"min":0.0,"max":0.0,"series":[0.0,0.0,0.0,0.0],"mean":0.0,"stddev":0.0},"FILE_READ_WAIT":{"total":0,"min":0.0,"max":0.0,"series":[0.0,0.0,0.0,0.0],"mean":0.0,"stddev":0.0},"err_time_ms":0,"in_time_ms":0,"CPU_WAIT":{"total":1994,"min":0.0,"max":999.0,"series":[0.0,376.0,999.0,0.0],"mean":344.0,"stddev":471.0},"FILE_READ":{"total":0,"min":0.0,"max":0.0,"series":[0.0,0.0,0.0,0.0],"mean":0.0,"stddev":0.0},"out_time_ms":0,"sample_times":[1.548451861513E12,1.548451861894E12,1.548451863512E12,1.548451864512E12],"FILE_WRITE_WAIT":{"total":0,"min":0.0,"max":0.0,"series":[0.0,0.0,0.0,0.0],"mean":0.0,"stddev":0.0}}},"suggest_uris":null,"error_list":[],"warning_list":[],"data_locations":[],"lint_list":[],"failure":null,"reason":null,"resolution":null,"threads":[]},"9f59669a-e3b7-405c-a0e1-8cdbc331a832":{"class_fqid":"9f59669a-e3b7-405c-a0e1-8cdbc331a832_4","class_id":"9f59669a-e3b7-405c-a0e1-8cdbc331a832","class_version":4,"time_stamp":"2019-01-25T21:30:55Z","state":"Suspended","snap_class_fqid":"com-snaplogic-snaps-rest-get_2-snapsrc1042","label":"Service 2","instance_version":4,"statistics_time_stamp":"2019-01-25T21:31:03Z","instance_id":"53f1f751-26fe-4e0e-8409-e1e8ff13f7e0","task_status":[],"statistics":{"error_views":{"error0":{"buffer_size":9223372036854775807,"buffer_usage":0,"documents_count":0,"max_seconds_io":1.2347E-5,"rate_per_second":0.0,"seconds_io":1.2347E-5}},"input_views":{"input0":{"documents_count":1,"max_seconds_io":1.1018E-5,"rate_per_second":1.0241039991378784,"seconds_io":1.1018E-5}},"performance":{},"metrics":{},"output_views":{"output0":{"buffer_size":9223372036854775807,"buffer_usage":0,"documents_count":0,"max_seconds_io":0.0,"rate_per_second":0.0,"seconds_io":0.0}},"snap":{"GC_DURATION":{"total":9,"min":0.0,"max":9.0,"series":[0.0,9.0,0.0,0.0],"mean":2.0,"stddev":4.0},"ALLOC":{"total":16989032,"min":0.0,"max":1.3243712E7,"series":[0.0,1.3243712E7,3745320.0,0.0],"mean":4247258.0,"stddev":6252107.0},"NET_SEND_WAIT":{"total":0,"min":0.0,"max":0.0,"series":[0.0,0.0,0.0,0.0],"mean":0.0,"stddev":0.0},"CPU":{"total":134,"min":0.0,"max":11.0,"series":[0.0,11.0,3.0,0.0],"mean":3.0,"stddev":5.0},"NET_RECV":{"total":4752,"min":0.0,"max":4752.0,"series":[0.0,0.0,4752.0,0.0],"mean":1188.0,"stddev":2376.0},"delay_impact":0,"start_time_ms":1548451861523,"CPU_BLOCK":{"total":29,"min":0.0,"max":29.0,"series":[0.0,29.0,0.0,0.0],"mean":7.0,"stddev":14.0},"FILE_WRITE":{"total":28202,"min":0.0,"max":25192.0,"series":[0.0,3010.0,25192.0,0.0],"mean":7050.0,"stddev":12177.0},"io_stats":[{"recv_error_duration":0,"type":"socket","remote":"uat.elastic.snaplogic.com/52.39.163.113:443","error_count":0,"bytes_sent":611,"recv_duration":515773414,"recv_error_count":0,"start_time":1548451861947,"send_error_count":0,"error_duration":0,"bytes_recv":4752,"send_duration":305487,"send_error_duration":0}],"init_recv_time_ns":24555582006550419,"memory_impact":0,"end_time_ms":1548451862492,"NET_RECV_WAIT":{"total":515,"min":0.0,"max":515.0,"series":[0.0,0.0,515.0,0.0],"mean":128.0,"stddev":257.0},"NET_SENT":{"total":611,"min":0.0,"max":611.0,"series":[0.0,0.0,611.0,0.0],"mean":152.0,"stddev":305.0},"FILE_READ_WAIT":{"total":0,"min":0.0,"max":0.0,"series":[0.0,0.0,0.0,0.0],"mean":0.0,"stddev":0.0},"err_time_ms":1,"in_time_ms":1,"CPU_WAIT":{"total":168,"min":0.0,"max":168.0,"series":[0.0,168.0,0.0,0.0],"mean":42.0,"stddev":84.0},"FILE_READ":{"total":113463,"min":0.0,"max":113367.0,"series":[0.0,113367.0,96.0,0.0],"mean":28365.0,"stddev":56667.0},"out_time_ms":0,"sample_times":[1.548451861517E12,1.548451861894E12,1.548451862492E12,1.548451863492E12],"FILE_WRITE_WAIT":{"total":0,"min":0.0,"max":0.0,"series":[0.0,0.0,0.0,0.0],"mean":0.0,"stddev":0.0}}},"suggest_uris":null,"error_list":[],"warning_list":[],"data_locations":[],"lint_list":[],"failure":"REST API service endpoint returned error result: status code = 500","reason":"REST API service endpoint returned error result: status code = 500, reason phrase = INTERNAL SERVER ERROR, refer to the error_entity field in the error view document for more details","resolution":"Please check the values of Snap properties.","threads":[{"name":"Service 2[a61af06e-0c51-44a8-b11b-9ae8df3f0bc7 -- 53f1f751-26fe-4e0e-8409-e1e8ff13f7e0]","stacktrace":"com.snaplogic.snap.api.SnapDataException: REST API service endpoint returned error result: status code = 500\n\tat com.snaplogic.snap.api.rest.RestResponseProcessor.process(RestResponseProcessor.java:342)\n\tat com.snaplogic.snap.api.rest.RestRequestExecutor.execute(RestRequestExecutor.java:272)\n\tat com.snaplogic.snap.api.rest.RestRequestExecutor.executeOnce(RestRequestExecutor.java:253)\n\tat com.snaplogic.snap.api.rest.RestRequestExecutor.execute(RestRequestExecutor.java:189)\n\tat com.snaplogic.snap.api.rest.RestRequestExecutor.execute(RestRequestExecutor.java:172)\n\tat com.snaplogic.snaps.rest.Get.process(Get.java:115)\n\tat com.snaplogic.snap.api.ExecutionUtil.process(ExecutionUtil.java:95)\n\tat com.snaplogic.snap.api.ExecutionUtil.execute(ExecutionUtil.java:107)\n\tat com.snaplogic.snap.api.ExecutionUtil.execute(ExecutionUtil.java:75)\n\tat com.snaplogic.snap.api.SimpleSnap.execute(SimpleSnap.java:67)\n\tat com.snaplogic.cc.snap.common.SnapRunnableImpl.executeSnap(SnapRunnableImpl.java:773)\n\tat com.snaplogic.cc.snap.common.SnapRunnableImpl.execute(SnapRunnableImpl.java:519)\n\tat com.snaplogic.cc.snap.common.SnapRunnableImpl.doRun(SnapRunnableImpl.java:839)\n\tat com.snaplogic.cc.snap.common.SnapRunnableImpl.access$000(SnapRunnableImpl.java:115)\n\tat com.snaplogic.cc.snap.common.SnapRunnableImpl$1.run(SnapRunnableImpl.java:362)\n\tat com.snaplogic.cc.snap.common.SnapRunnableImpl$1.run(SnapRunnableImpl.java:358)\n\tat java.security.AccessController.doPrivileged(Native Method)\n\tat javax.security.auth.Subject.doAs(Subject.java:422)\n\tat org.apache.hadoop.security.UserGroupInformation.doAs(UserGroupInformation.java:1657)\n\tat com.snaplogic.cc.snap.common.SnapRunnableImpl.call(SnapRunnableImpl.java:357)\n\tat com.snaplogic.cc.snap.common.SnapRunnableImpl.call(SnapRunnableImpl.java:115)\n\tat java.util.concurrent.FutureTask.run(FutureTask.java:266)\n\tat java.util.concurrent.Executors$RunnableAdapter.call(Executors.java:511)\n\tat java.util.concurrent.FutureTask.run(FutureTask.java:266)\n\tat java.util.concurrent.ThreadPoolExecutor.runWorker(ThreadPoolExecutor.java:1149)\n\tat java.util.concurrent.ThreadPoolExecutor$Worker.run(ThreadPoolExecutor.java:624)\n\tat java.lang.Thread.run(Thread.java:748)\n\nError Fingerprint[0] = efp:com.snaplogic.snap.api.rest.tAbKPUKr\n","errorFingerPrints":["efp:com.snaplogic.snap.api.rest.tAbKPUKr"]},{"name":"Service 2[a61af06e-0c51-44a8-b11b-9ae8df3f0bc7 -- 53f1f751-26fe-4e0e-8409-e1e8ff13f7e0]","stacktrace":"com.snaplogic.api.ExecutionException: REST API service endpoint returned error result: status code = 500\n\tat com.snaplogic.snap.api.ErrorViewsImpl.write(ErrorViewsImpl.java:167)\n\tat com.snaplogic.snap.api.rest.RestResponseProcessor.process(RestResponseProcessor.java:350)\n\tat com.snaplogic.snap.api.rest.RestRequestExecutor.execute(RestRequestExecutor.java:272)\n\tat com.snaplogic.snap.api.rest.RestRequestExecutor.executeOnce(RestRequestExecutor.java:253)\n\tat com.snaplogic.snap.api.rest.RestRequestExecutor.execute(RestRequestExecutor.java:189)\n\tat com.snaplogic.snap.api.rest.RestRequestExecutor.execute(RestRequestExecutor.java:172)\n\tat com.snaplogic.snaps.rest.Get.process(Get.java:115)\n\tat com.snaplogic.snap.api.ExecutionUtil.process(ExecutionUtil.java:95)\n\tat com.snaplogic.snap.api.ExecutionUtil.execute(ExecutionUtil.java:107)\n\tat com.snaplogic.snap.api.ExecutionUtil.execute(ExecutionUtil.java:75)\n\tat com.snaplogic.snap.api.SimpleSnap.execute(SimpleSnap.java:67)\n\tat com.snaplogic.cc.snap.common.SnapRunnableImpl.executeSnap(SnapRunnableImpl.java:773)\n\tat com.snaplogic.cc.snap.common.SnapRunnableImpl.execute(SnapRunnableImpl.java:519)\n\tat com.snaplogic.cc.snap.common.SnapRunnableImpl.doRun(SnapRunnableImpl.java:839)\n\tat com.snaplogic.cc.snap.common.SnapRunnableImpl.access$000(SnapRunnableImpl.java:115)\n\tat com.snaplogic.cc.snap.common.SnapRunnableImpl$1.run(SnapRunnableImpl.java:362)\n\tat com.snaplogic.cc.snap.common.SnapRunnableImpl$1.run(SnapRunnableImpl.java:358)\n\tat java.security.AccessController.doPrivileged(Native Method)\n\tat javax.security.auth.Subject.doAs(Subject.java:422)\n\tat org.apache.hadoop.security.UserGroupInformation.doAs(UserGroupInformation.java:1657)\n\tat com.snaplogic.cc.snap.common.SnapRunnableImpl.call(SnapRunnableImpl.java:357)\n\tat com.snaplogic.cc.snap.common.SnapRunnableImpl.call(SnapRunnableImpl.java:115)\n\tat java.util.concurrent.FutureTask.run(FutureTask.java:266)\n\tat java.util.concurrent.Executors$RunnableAdapter.call(Executors.java:511)\n\tat java.util.concurrent.FutureTask.run(FutureTask.java:266)\n\tat java.util.concurrent.ThreadPoolExecutor.runWorker(ThreadPoolExecutor.java:1149)\n\tat java.util.concurrent.ThreadPoolExecutor$Worker.run(ThreadPoolExecutor.java:624)\n\tat java.lang.Thread.run(Thread.java:748)\nCaused by: com.snaplogic.snap.api.SnapDataException: REST API service endpoint returned error result: status code = 500\n\tat com.snaplogic.snap.api.rest.RestResponseProcessor.process(RestResponseProcessor.java:342)\n\t... 26 more\n\nError Fingerprint[0] = efp:com.snaplogic.snap.api.jGMnD0iV\nError Fingerprint[1] = efp:com.snaplogic.snap.api.rest.tAbKPUKr\n","errorFingerPrints":["efp:com.snaplogic.snap.api.jGMnD0iV","efp:com.snaplogic.snap.api.rest.tAbKPUKr"]}]},"41a53fff-31d8-46a0-b026-49bafcc5ecd2":{"class_fqid":"41a53fff-31d8-46a0-b026-49bafcc5ecd2_3","class_id":"41a53fff-31d8-46a0-b026-49bafcc5ecd2","class_version":3,"time_stamp":"2019-01-25T21:31:01Z","state":"Suspended","snap_class_fqid":"com-snaplogic-snaps-rest-get_2-snapsrc1042","label":"Service 1","instance_version":3,"statistics_time_stamp":"2019-01-25T21:31:03Z","instance_id":"6e4d1ad2-9d18-448b-9cec-7852b63cf66e","task_status":[],"statistics":{"error_views":{"error0":{"buffer_size":9223372036854775807,"buffer_usage":0,"documents_count":0,"max_seconds_io":0.0,"rate_per_second":0.0,"seconds_io":0.0}},"input_views":{"input0":{"documents_count":1,"max_seconds_io":1.9817E-5,"rate_per_second":1.024368405342102,"seconds_io":1.9817E-5}},"performance":{},"metrics":{},"output_views":{"output0":{"buffer_size":9223372036854775807,"buffer_usage":1,"documents_count":1,"max_seconds_io":1.3054E-5,"rate_per_second":1.024375557899475,"seconds_io":1.3054E-5}},"snap":{"GC_DURATION":{"total":9,"min":0.0,"max":9.0,"series":[0.0,9.0,0.0,0.0],"mean":2.0,"stddev":4.0},"ALLOC":{"total":12012648,"min":0.0,"max":9258448.0,"series":[0.0,9258448.0,1707501.0,0.0],"mean":2741487.0,"stddev":4418574.0},"NET_SEND_WAIT":{"total":0,"min":0.0,"max":0.0,"series":[0.0,0.0,0.0,0.0],"mean":0.0,"stddev":0.0},"CPU":{"total":87,"min":0.0,"max":7.0,"series":[0.0,7.0,1.0,0.0],"mean":2.0,"stddev":3.0},"NET_RECV":{"total":4760,"min":0.0,"max":2951.0,"series":[0.0,0.0,2951.0,0.0],"mean":737.0,"stddev":1475.0},"delay_impact":0,"start_time_ms":1548451861523,"CPU_BLOCK":{"total":74,"min":0.0,"max":74.0,"series":[0.0,74.0,0.0,0.0],"mean":18.0,"stddev":37.0},"FILE_WRITE":{"total":8924,"min":0.0,"max":3666.0,"series":[0.0,3010.0,3666.0,0.0],"mean":1669.0,"stddev":1945.0},"io_stats":[{"recv_error_duration":0,"type":"socket","remote":"uat.elastic.snaplogic.com/52.39.163.113:443","error_count":0,"bytes_sent":611,"recv_duration":1545488179,"recv_error_count":0,"start_time":1548451861944,"send_error_count":0,"error_duration":0,"bytes_recv":4760,"send_duration":360969,"send_error_duration":0}],"init_recv_time_ns":24555582006530919,"memory_impact":0,"end_time_ms":1548451863507,"NET_RECV_WAIT":{"total":1545,"min":0.0,"max":958.0,"series":[0.0,0.0,958.0,0.0],"mean":239.0,"stddev":479.0},"NET_SENT":{"total":611,"min":0.0,"max":378.0,"series":[0.0,0.0,378.0,0.0],"mean":94.0,"stddev":189.0},"FILE_READ_WAIT":{"total":0,"min":0.0,"max":0.0,"series":[0.0,0.0,0.0,0.0],"mean":0.0,"stddev":0.0},"err_time_ms":0,"in_time_ms":1,"CPU_WAIT":{"total":128,"min":0.0,"max":128.0,"series":[0.0,128.0,0.0,0.0],"mean":32.0,"stddev":64.0},"FILE_READ":{"total":113495,"min":0.0,"max":113399.0,"series":[0.0,113399.0,59.0,0.0],"mean":28364.0,"stddev":56689.0},"out_time_ms":1,"sample_times":[1.548451861521E12,1.548451861894E12,1.548451863507E12,1.548451864507E12],"FILE_WRITE_WAIT":{"total":0,"min":0.0,"max":0.0,"series":[0.0,0.0,0.0,0.0],"mean":0.0,"stddev":0.0}}},"suggest_uris":null,"error_list":[],"warning_list":[],"data_locations":[],"lint_list":[],"failure":null,"reason":null,"resolution":null,"threads":[]},"5a8cfb46-292e-4643-bf82-268ab5404b31":{"class_fqid":"5a8cfb46-292e-4643-bf82-268ab5404b31_1","class_id":"5a8cfb46-292e-4643-bf82-268ab5404b31","class_version":1,"time_stamp":"2019-01-25T21:31:01Z","state":"Suspended","snap_class_fqid":"com-snaplogic-snaps-transform-multijoin_1-snapsrc1042","label":"Join","instance_version":1,"statistics_time_stamp":"2019-01-25T21:31:03Z","instance_id":"3f282e42-b982-4360-8755-d567f7f0b1ea","task_status":[],"statistics":{"error_views":{"error0":{"buffer_size":9223372036854775807,"buffer_usage":0,"documents_count":0,"max_seconds_io":0.0,"rate_per_second":0.0,"seconds_io":0.0}},"input_views":{"input1":{"documents_count":0,"max_seconds_io":1.3447E-5,"rate_per_second":0.0,"seconds_io":1.3447E-5},"input0":{"documents_count":0,"max_seconds_io":1.0067E-5,"rate_per_second":0.0,"seconds_io":1.0067E-5}},"performance":{},"metrics":{},"output_views":{"output0":{"buffer_size":9223372036854775807,"buffer_usage":0,"documents_count":0,"max_seconds_io":0.0,"rate_per_second":0.0,"seconds_io":0.0}},"snap":{"GC_DURATION":{"total":9,"min":0.0,"max":9.0,"series":[0.0,9.0,0.0,0.0],"mean":2.0,"stddev":4.0},"ALLOC":{"total":2014328,"min":0.0,"max":1856528.0,"series":[0.0,1856528.0,97588.0,0.0],"mean":488529.0,"stddev":913158.0},"NET_SEND_WAIT":{"total":0,"min":0.0,"max":0.0,"series":[0.0,0.0,0.0,0.0],"mean":0.0,"stddev":0.0},"CPU":{"total":17,"min":0.0,"max":2.0,"series":[0.0,2.0,0.0,0.0],"mean":0.0,"stddev":1.0},"NET_RECV":{"total":0,"min":0.0,"max":0.0,"series":[0.0,0.0,0.0,0.0],"mean":0.0,"stddev":0.0},"delay_impact":0,"start_time_ms":1548451861523,"CPU_BLOCK":{"total":0,"min":0.0,"max":0.0,"series":[0.0,0.0,0.0,0.0],"mean":0.0,"stddev":0.0},"FILE_WRITE":{"total":4601,"min":0.0,"max":2130.0,"series":[0.0,1156.0,2130.0,0.0],"mean":821.0,"stddev":1028.0},"io_stats":[],"init_recv_time_ns":24555583838436362,"memory_impact":0,"end_time_ms":1548451863511,"NET_RECV_WAIT":{"total":0,"min":0.0,"max":0.0,"series":[0.0,0.0,0.0,0.0],"mean":0.0,"stddev":0.0},"NET_SENT":{"total":0,"min":0.0,"max":0.0,"series":[0.0,0.0,0.0,0.0],"mean":0.0,"stddev":0.0},"FILE_READ_WAIT":{"total":0,"min":0.0,"max":0.0,"series":[0.0,0.0,0.0,0.0],"mean":0.0,"stddev":0.0},"err_time_ms":0,"in_time_ms":1,"CPU_WAIT":{"total":1949,"min":0.0,"max":998.0,"series":[0.0,334.0,998.0,0.0],"mean":333.0,"stddev":470.0},"FILE_READ":{"total":0,"min":0.0,"max":0.0,"series":[0.0,0.0,0.0,0.0],"mean":0.0,"stddev":0.0},"out_time_ms":0,"sample_times":[1.548451861517E12,1.548451861894E12,1.548451863511E12,1.548451864511E12],"FILE_WRITE_WAIT":{"total":0,"min":0.0,"max":0.0,"series":[0.0,0.0,0.0,0.0],"mean":0.0,"stddev":0.0}}},"suggest_uris":null,"error_list":[],"warning_list":[],"data_locations":[],"lint_list":[],"failure":null,"reason":null,"resolution":null,"threads":[]},"8a37fe3d-b355-4fc6-b9e2-0c79507ef30a":{"class_fqid":"8a37fe3d-b355-4fc6-b9e2-0c79507ef30a_1","class_id":"8a37fe3d-b355-4fc6-b9e2-0c79507ef30a","class_version":1,"time_stamp":"2019-01-25T21:30:51Z","state":"Completed","snap_class_fqid":"com-snaplogic-snaps-flow-copy_1-snapsrc1042","label":"Copy","instance_version":1,"statistics_time_stamp":"2019-01-25T21:31:03Z","instance_id":"f209749d-5b4d-44d8-8cf5-ff807ecc9f36","task_status":[],"statistics":{"error_views":{"error0":{"buffer_size":0,"buffer_usage":0,"documents_count":0,"max_seconds_io":0.0,"rate_per_second":0.0,"seconds_io":0.0}},"input_views":{"input0":{"documents_count":1,"max_seconds_io":6.4526E-5,"rate_per_second":6.228923320770264,"seconds_io":6.4526E-5}},"performance":{},"metrics":{},"output_views":{"output0":{"buffer_size":0,"buffer_usage":0,"documents_count":1,"max_seconds_io":5.64E-6,"rate_per_second":6.231208801269531,"seconds_io":5.64E-6},"output1":{"buffer_size":0,"buffer_usage":0,"documents_count":1,"max_seconds_io":9.298E-6,"rate_per_second":6.231066703796387,"seconds_io":9.298E-6}},"snap":{"GC_DURATION":{"total":0,"min":0.0,"max":0.0,"series":[0.0,0.0,0.0],"mean":0.0,"stddev":0.0},"ALLOC":{"total":265936,"min":0.0,"max":265936.0,"series":[0.0,265936.0,0.0],"mean":88645.0,"stddev":153538.0},"NET_SEND_WAIT":{"total":0,"min":0.0,"max":0.0,"series":[0.0,0.0,0.0],"mean":0.0,"stddev":0.0},"CPU":{"total":4,"min":0.0,"max":0.0,"series":[0.0,0.0,0.0],"mean":0.0,"stddev":0.0},"NET_RECV":{"total":0,"min":0.0,"max":0.0,"series":[0.0,0.0,0.0],"mean":0.0,"stddev":0.0},"delay_impact":0,"start_time_ms":1548451861521,"CPU_BLOCK":{"total":0,"min":0.0,"max":0.0,"series":[0.0,0.0,0.0],"mean":0.0,"stddev":0.0},"FILE_WRITE":{"total":5525,"min":0.0,"max":5525.0,"series":[0.0,5525.0,0.0],"mean":1841.0,"stddev":3189.0},"io_stats":[],"init_recv_time_ns":24555582000518273,"memory_impact":0,"end_time_ms":1548451861676,"NET_RECV_WAIT":{"total":0,"min":0.0,"max":0.0,"series":[0.0,0.0,0.0],"mean":0.0,"stddev":0.0},"NET_SENT":{"total":0,"min":0.0,"max":0.0,"series":[0.0,0.0,0.0],"mean":0.0,"stddev":0.0},"FILE_READ_WAIT":{"total":0,"min":0.0,"max":0.0,"series":[0.0,0.0,0.0],"mean":0.0,"stddev":0.0},"err_time_ms":0,"in_time_ms":1,"CPU_WAIT":{"total":148,"min":0.0,"max":148.0,"series":[0.0,148.0,0.0],"mean":49.0,"stddev":85.0},"FILE_READ":{"total":0,"min":0.0,"max":0.0,"series":[0.0,0.0,0.0],"mean":0.0,"stddev":0.0},"out_time_ms":1,"sample_times":[1.548451861521E12,1.548451861676E12,1.548451862676E12],"FILE_WRITE_WAIT":{"total":0,"min":0.0,"max":0.0,"series":[0.0,0.0,0.0],"mean":0.0,"stddev":0.0}}},"suggest_uris":null,"error_list":[],"warning_list":[],"data_locations":[],"lint_list":[],"failure":null,"reason":null,"resolution":null,"threads":[]},"489c0c0c-c59f-4cea-bffb-3ce8011bec26":{"class_fqid":"489c0c0c-c59f-4cea-bffb-3ce8011bec26_1","class_id":"489c0c0c-c59f-4cea-bffb-3ce8011bec26","class_version":1,"time_stamp":"2019-01-25T21:30:50Z","state":"Completed","snap_class_fqid":"com-snaplogic-snaps-transform-jsongenerator_2-snapsrc1042","label":"JSON Generator","instance_version":1,"statistics_time_stamp":"2019-01-25T21:31:03Z","instance_id":"545a2169-3451-44a6-a574-c86f159cc14b","task_status":[],"statistics":{"error_views":{"error0":{"buffer_size":0,"buffer_usage":0,"documents_count":0,"max_seconds_io":0.0,"rate_per_second":0.0,"seconds_io":0.0}},"input_views":{},"performance":{},"metrics":{},"output_views":{"output0":{"buffer_size":0,"buffer_usage":0,"documents_count":1,"max_seconds_io":8.0638E-5,"rate_per_second":6.533415794372559,"seconds_io":8.0638E-5}},"snap":{"GC_DURATION":{"total":0,"min":0.0,"max":0.0,"series":[0.0,0.0,0.0],"mean":0.0,"stddev":0.0},"ALLOC":{"total":23272504,"min":0.0,"max":2.3272504E7,"series":[0.0,2.3272504E7,0.0],"mean":7757501.0,"stddev":1.3436386E7},"NET_SEND_WAIT":{"total":0,"min":0.0,"max":0.0,"series":[0.0,0.0,0.0],"mean":0.0,"stddev":0.0},"CPU":{"total":125,"min":0.0,"max":13.0,"series":[0.0,13.0,0.0],"mean":4.0,"stddev":7.0},"NET_RECV":{"total":0,"min":0.0,"max":0.0,"series":[0.0,0.0,0.0],"mean":0.0,"stddev":0.0},"delay_impact":0,"start_time_ms":1548451861521,"CPU_BLOCK":{"total":1,"min":0.0,"max":1.0,"series":[0.0,1.0,0.0],"mean":0.0,"stddev":0.0},"FILE_WRITE":{"total":4637,"min":0.0,"max":4637.0,"series":[0.0,4637.0,0.0],"mean":1545.0,"stddev":2677.0},"io_stats":[],"init_recv_time_ns":0,"memory_impact":0,"end_time_ms":1548451861669,"NET_RECV_WAIT":{"total":0,"min":0.0,"max":0.0,"series":[0.0,0.0,0.0],"mean":0.0,"stddev":0.0},"NET_SENT":{"total":0,"min":0.0,"max":0.0,"series":[0.0,0.0,0.0],"mean":0.0,"stddev":0.0},"FILE_READ_WAIT":{"total":0,"min":0.0,"max":0.0,"series":[0.0,0.0,0.0],"mean":0.0,"stddev":0.0},"err_time_ms":0,"in_time_ms":0,"CPU_WAIT":{"total":0,"min":0.0,"max":0.0,"series":[0.0,0.0,0.0],"mean":0.0,"stddev":0.0},"FILE_READ":{"total":0,"min":0.0,"max":0.0,"series":[0.0,0.0,0.0],"mean":0.0,"stddev":0.0},"out_time_ms":1,"sample_times":[1.548451861521E12,1.548451861668E12,1.548451862668E12],"FILE_WRITE_WAIT":{"total":0,"min":0.0,"max":0.0,"series":[0.0,0.0,0.0],"mean":0.0,"stddev":0.0}}},"suggest_uris":null,"error_list":[],"warning_list":[],"data_locations":[],"lint_list":[],"failure":null,"reason":null,"resolution":null,"threads":[]}},"cc_fast_push_expire_time_ms":1548452159429,"cc_poll_ms":1548451863539,"cc_prepare_end_ms":1548451861470,"cc_suspend_ms":1548451862487,"cc_start_ms":1548451861513,"cc_prepare_start_ms":1548451849763,"spark_metrics":null},"pipe_defs":{"5c47a2ee64580000182db637":{"link_serial":106,"update_time":"2019-01-25T19:31:18.474000+00:00","artifact_snap_id_map":{"5a8cfb46-292e-4643-bf82-268ab5404b31":"11111111-1111-1111-1111-000000000002","cb32e773-0d3f-4c84-8b73-9ed445885c00":"11111111-1111-1111-1111-000000000003","9f59669a-e3b7-405c-a0e1-8cdbc331a832":"11111111-1111-1111-1111-000000000005","41a53fff-31d8-46a0-b026-49bafcc5ecd2":"11111111-1111-1111-1111-000000000004","489c0c0c-c59f-4cea-bffb-3ce8011bec26":"11111111-1111-1111-1111-000000000000","8a37fe3d-b355-4fc6-b9e2-0c79507ef30a":"11111111-1111-1111-1111-000000000001"},"scrub_version":"48f99abcdf450e7c49a04015355fb699f785e8cbf8288d894686a64c6caeddd1","instance_id":"30c1dc8d-c582-4066-b291-511a6c12a67c","update_user_id":"tlui@snaplogic.com","class_fqid":"com-snaplogic-pipeline_8","partition_snode_id":"589043dd5feb436fffbd3ab0","path_id":"/snaplogic/timSpace/ResumablePipeDemo","create_time":"2019-01-22T23:10:38.592000+00:00","snode_id":"5c47a2ee64580000182db637","snap_map":{"5a8cfb46-292e-4643-bf82-268ab5404b31":{"instance_id":"5a8cfb46-292e-4643-bf82-268ab5404b31","class_id":"com-snaplogic-snaps-transform-multijoin","class_build_tag":"snapsrc1042","class_fqid":"com-snaplogic-snaps-transform-multijoin_1-snapsrc1042","class_version":1,"property_map":{"info":{"notes":{"value":null},"label":{"value":"Join"}},"view_serial":100,"input":{"input0":{"view_type":{"value":"document"},"label":{"value":"input0"}},"input1":{"view_type":{"value":"document"},"label":{"value":"input1"}}},"settings":{"nullGreater":{"value":false},"nullSafeAccess":{"value":false},"noMatchData":{"value":false},"joinPaths":{"value":[{"rightPath":{"expression":true,"value":"1"},"rightInputView":{"value":"input1"},"leftPath":{"expression":true,"value":"1"}}]},"joinType":{"value":"Inner"},"sortedStreams":{"value":"Ascending"}},"error":{"error0":{"view_type":{"value":"document"},"label":{"value":"error0"}},"error_behavior":{"value":"fail"}},"output":{"output0":{"view_type":{"value":"document"},"label":{"value":"output0"}}}},"instance_fqid":"5a8cfb46-292e-4643-bf82-268ab5404b31_1","instance_version":1},"cb32e773-0d3f-4c84-8b73-9ed445885c00":{"instance_id":"cb32e773-0d3f-4c84-8b73-9ed445885c00","class_id":"com-snaplogic-snaps-transform-datatransform","class_build_tag":"snapsrc1042","class_fqid":"com-snaplogic-snaps-transform-datatransform_4-snapsrc1042","class_version":4,"property_map":{"info":{"notes":{"value":null},"label":{"value":"Mapper"}},"view_serial":100,"input":{"input0":{"view_type":{"value":"document"},"label":{"value":"input0"}}},"settings":{"nullSafeAccess":{"value":false},"passThrough":{"value":false},"transformations":{"value":{"mappingTable":{"value":[{"targetPath":{"value":"$ServiceOneMessage"},"expression":{"expression":true,"value":"$entity"}},{"targetPath":{"value":"$ServiceTwoMessage"},"expression":{"expression":true,"value":"$input1_entity"}}]},"mappingRoot":{"value":"$"}}}},"error":{"error0":{"view_type":{"value":"document"},"label":{"value":"error0"}},"error_behavior":{"value":"fail"}},"output":{"output0":{"view_type":{"value":"document"},"label":{"value":"output0"}}}},"instance_fqid":"cb32e773-0d3f-4c84-8b73-9ed445885c00_1","instance_version":1},"9f59669a-e3b7-405c-a0e1-8cdbc331a832":{"instance_id":"9f59669a-e3b7-405c-a0e1-8cdbc331a832","class_id":"com-snaplogic-snaps-rest-get","class_build_tag":"snapsrc1042","class_fqid":"com-snaplogic-snaps-rest-get_2-snapsrc1042","class_version":2,"property_map":{"info":{"notes":{"value":null},"label":{"value":"Service 2"}},"view_serial":100,"account":{"account_ref":{"expression":false,"value":{}}},"input":{"input0":{"label":{"value":"input0"},"view_type":{"value":"document"}}},"settings":{"retryInterval":{"value":1},"nextUrl":{"expression":true,"value":null},"retry":{"value":2},"hasNext":{"expression":true,"value":null},"serviceUrl":{"expression":false,"value":"https://uat.elastic.snaplogic.com:443/api/1/rest/slsched/feed/snaplogic/timSpace/ResumablePipeDemo/FaultyService2Task"},"processArray":{"value":false},"trustAllCerts":{"value":true},"showAllHeaders":{"value":false},"paginationInterval":{"value":0},"executeDuringPreview":{"value":true},"header":{"value":[{"headerKey":{"expression":false,"value":"Authorization"},"headerValue":{"expression":false,"value":"Bearer abc123"}}]},"responseEntityType":{"value":"DEFAULT"},"followRedirects":{"value":true},"timeout":{"value":10},"connTimeout":{"value":5},"queryParams":{"value":[]},"rawData":{"value":false}},"error":{"error0":{"label":{"value":"error0"},"view_type":{"value":"document"}},"error_behavior":{"value":"fail"}},"output":{"output0":{"label":{"value":"output0"},"view_type":{"value":"document"}}}},"instance_fqid":"9f59669a-e3b7-405c-a0e1-8cdbc331a832_4","instance_version":4},"41a53fff-31d8-46a0-b026-49bafcc5ecd2":{"instance_id":"41a53fff-31d8-46a0-b026-49bafcc5ecd2","class_id":"com-snaplogic-snaps-rest-get","class_build_tag":"snapsrc1042","class_fqid":"com-snaplogic-snaps-rest-get_2-snapsrc1042","class_version":2,"property_map":{"info":{"notes":{"value":null},"label":{"value":"Service 1"}},"view_serial":100,"account":{"account_ref":{"expression":false,"value":{}}},"settings":{"retryInterval":{"value":1},"nextUrl":{"expression":true,"value":null},"retry":{"value":2},"hasNext":{"expression":true,"value":null},"timeout":{"value":10},"processArray":{"value":false},"trustAllCerts":{"value":true},"showAllHeaders":{"value":false},"paginationInterval":{"value":0},"executeDuringPreview":{"value":true},"header":{"value":[{"headerKey":{"expression":false,"value":"Authorization"},"headerValue":{"expression":false,"value":"Bearer abc123"}}]},"responseEntityType":{"value":"DEFAULT"},"followRedirects":{"value":true},"serviceUrl":{"expression":false,"value":"https://uat.elastic.snaplogic.com:443/api/1/rest/slsched/feed/snaplogic/timSpace/ResumablePipeDemo/FaultyService1Task"},"connTimeout":{"value":5},"queryParams":{"value":[]},"rawData":{"value":false}},"output":{"output0":{"view_type":{"value":"document"},"label":{"value":"output0"}}},"error":{"error0":{"view_type":{"value":"document"},"label":{"value":"error0"}},"error_behavior":{"value":"fail"}},"input":{"input0":{"view_type":{"value":"document"},"label":{"value":"input0"}}}},"instance_fqid":"41a53fff-31d8-46a0-b026-49bafcc5ecd2_3","instance_version":3},"489c0c0c-c59f-4cea-bffb-3ce8011bec26":{"instance_id":"489c0c0c-c59f-4cea-bffb-3ce8011bec26","class_id":"com-snaplogic-snaps-transform-jsongenerator","class_build_tag":"snapsrc1042","class_fqid":"com-snaplogic-snaps-transform-jsongenerator_2-snapsrc1042","class_version":2,"property_map":{"info":{"label":{"value":"JSON Generator"}},"output":{"output0":{"view_type":{"value":"document"},"label":{"value":"output0"}}},"settings":{"editable_content":{"value":"## Enter your JSON-encoded data in this space.  Note that this text is\n## treated as an Apache Velocity template, so you can substitute values\n## from input documents or the pipeline parameters.  See the following\n## URL for more information about Velocity:\n##   https://velocity.apache.org/engine/devel/user-guide.html\n\n[\n    {\n##        \"msg\" : \"Hello, World\", \"num\" : 1\n    }\n]\n\n\n## Tips:\n##  * The sample data above will generate a single empty document, uncomment\n##    the line in the middle to include the sample fields.  Adding more\n##    objects to the root array will cause the snap to generate more\n##    than one document.\n##  * Pipeline parameters can be referenced by prefixing the parameter\n##    name with an underscore, like so:\n##      ${_pipelineParamName}\n##  * If you add an input view to the snap, this template will be\n##    evaluated for each input document.\n##  * Fields in the input documents can be referenced by prefixing them\n##    with a dollar-sign ($), like so:\n##      $parent.child[0].value\n##  * Any referenced document values and pipeline parameters will\n##    automatically be JSON-encoded when they are inserted into the final\n##    JSON document.  You should not have to worry about escaping values\n##    yourself.\n##  * If you are having troubles getting a template to produce valid JSON,\n##    you can add an error view to the snap to get a document that\n##    contains the output of the template evaluation.\n"},"arrayElementsAsDocuments":{"value":true}},"view_serial":100,"error":{"error0":{"view_type":{"value":"document"},"label":{"value":"error0"}},"error_behavior":{"value":"fail"}}},"instance_fqid":"489c0c0c-c59f-4cea-bffb-3ce8011bec26_1","instance_version":1},"8a37fe3d-b355-4fc6-b9e2-0c79507ef30a":{"instance_id":"8a37fe3d-b355-4fc6-b9e2-0c79507ef30a","class_id":"com-snaplogic-snaps-flow-copy","class_build_tag":"snapsrc1042","class_fqid":"com-snaplogic-snaps-flow-copy_1-snapsrc1042","class_version":1,"property_map":{"info":{"label":{"value":"Copy"}},"view_serial":100,"input":{"input0":{"view_type":{"value":"document"},"label":{"value":"input0"}}},"settings":{},"error":{"error0":{"view_type":{"value":"document"},"label":{"value":"error0"}},"error_behavior":{"value":"fail"}},"output":{"output0":{"view_type":{"value":"document"},"label":{"value":"output0"}},"output1":{"view_type":{"value":"document"},"label":{"value":"output1"}}}},"instance_fqid":"8a37fe3d-b355-4fc6-b9e2-0c79507ef30a_1","instance_version":1}},"org_snode_id":"52d8ae82c8c71369f3e889bc","path":"/snaplogic/timSpace/ResumablePipeDemo/OrderProcessor","slot_count":6,"instance_version":8,"migrate_version":"4.16_rc2-4718","scrub_backup":[],"_id":"30c1dc8d-c582-4066-b291-511a6c12a67c","create_user_id":"tlui@snaplogic.com","name":"OrderProcessor","project_snode_id":"5c47a2d81ed73c0016b8d318","property_map":{"info":{"notes":{"value":null},"author":{"value":"tlui@snaplogic.com"},"purpose":{"value":null},"pipeline_doc_uri":{"value":null},"label":{"value":"OrderProcessor"}},"input":{},"settings":{"imports":{"value":[]},"error_pipeline":{"expression":false,"value":null},"error_param_table":{"value":[]},"param_table":{"value":[]},"suspendable":{"value":true}},"instance_version":7,"error":{"error_behavior":{"value":"none"}},"output":{"cb32e773-0d3f-4c84-8b73-9ed445885c00_output0":{"label":{"value":"Mapper - output0"},"view_type":{"value":"document"}}}},"render_map":{"pan_x_num":0,"default_snaplex":"5ade44c677a1f6016f50c8c0","pan_y_num":0,"detail_map":{"5a8cfb46-292e-4643-bf82-268ab5404b31":{"grid_x_int":4,"index":null,"recommendation_id":null,"output":{},"source":"snap catagory","grid_y_int":2,"rot_tail_int":0,"error":{},"input":{"input1":{"dx_int":0,"rot_int":0,"dy_int":1}},"rot_int":0},"cb32e773-0d3f-4c84-8b73-9ed445885c00":{"grid_x_int":5,"index":null,"recommendation_id":null,"output":{},"source":"snap catagory","grid_y_int":2,"rot_tail_int":0,"error":{},"input":{},"rot_int":0},"9f59669a-e3b7-405c-a0e1-8cdbc331a832":{"grid_x_int":3,"index":null,"recommendation_id":null,"source":"","grid_y_int":3,"rot_tail_int":0,"rot_int":0},"41a53fff-31d8-46a0-b026-49bafcc5ecd2":{"grid_x_int":3,"index":null,"recommendation_id":null,"source":"snap catagory","grid_y_int":2,"rot_tail_int":0,"rot_int":0},"489c0c0c-c59f-4cea-bffb-3ce8011bec26":{"grid_x_int":1,"index":null,"recommendation_id":null,"output":{},"source":"snap catagory","grid_y_int":2,"rot_tail_int":0,"error":{},"input":{},"rot_int":0},"8a37fe3d-b355-4fc6-b9e2-0c79507ef30a":{"grid_x_int":2,"index":null,"recommendation_id":null,"output":{"output1":{"dx_int":0,"rot_int":0,"dy_int":1}},"source":"snap catagory","grid_y_int":2,"rot_tail_int":0,"error":{},"input":{},"rot_int":0}},"scale_ratio":1},"org_id":"52d8ae82c8c71369f3e889bc","class_version":8,"class_id":"com-snaplogic-pipeline","instance_fqid":"30c1dc8d-c582-4066-b291-511a6c12a67c_8","link_map":{"link104":{"src_view_id":"output0","dst_view_id":"input0","src_id":"41a53fff-31d8-46a0-b026-49bafcc5ecd2","dst_id":"5a8cfb46-292e-4643-bf82-268ab5404b31"},"link105":{"src_view_id":"output0","dst_view_id":"input0","src_id":"5a8cfb46-292e-4643-bf82-268ab5404b31","dst_id":"cb32e773-0d3f-4c84-8b73-9ed445885c00"},"link102":{"src_view_id":"output0","dst_view_id":"input0","src_id":"489c0c0c-c59f-4cea-bffb-3ce8011bec26","dst_id":"8a37fe3d-b355-4fc6-b9e2-0c79507ef30a"},"link103":{"src_view_id":"output0","dst_view_id":"input1","src_id":"9f59669a-e3b7-405c-a0e1-8cdbc331a832","dst_id":"5a8cfb46-292e-4643-bf82-268ab5404b31"},"link100":{"src_view_id":"output0","dst_view_id":"input0","src_id":"8a37fe3d-b355-4fc6-b9e2-0c79507ef30a","dst_id":"41a53fff-31d8-46a0-b026-49bafcc5ecd2"},"link101":{"src_view_id":"output1","dst_view_id":"input0","src_id":"8a37fe3d-b355-4fc6-b9e2-0c79507ef30a","dst_id":"9f59669a-e3b7-405c-a0e1-8cdbc331a832"}}}},"account_defs":{},"path_to_id":{},"main":"5c47a2ee64580000182db637"}