{"count":1,"byteCount":0,"docs":[{"statusLine":{"protoVersion":"HTTP/1.1","statusCode":200,"reasonPhrase":"OK"},"entity":[{"LinkedHashMap":{"content":"Hello, World!"}}],"headers":{"x-frame-options":"DENY","connection":"keep-alive","access-control-max-age":"17600","content-type":"application/json","date":"Fri, 25 Jan 2019 21:29:45 GMT","access-control-allow-credentials":"true","access-control-allow-methods":"GET, POST, OPTIONS, PUT, DELETE","x-sl-statuscode":"200","content-length":"34","content-security-policy":"frame-ancestors 'none'","x-snapi-pipeline-ruuid":"a5bc6605-c79f-4ce3-bdca-3f3972c3603a","accept-ranges":"none","server":"nginx/1.10.1","access-control-allow-headers":"if-none-match, Content-Type, authorization, x-date"},"original":{}}],"countAtSuspension":1}